-- MySQL dump 10.13  Distrib 5.1.41, for debian-linux-gnu (i486)
--
-- Host: localhost    Database: ClockShop
-- ------------------------------------------------------
-- Server version	5.1.41-3ubuntu12.10

/*!40101 SET @OLD_CHARACTER_SET_CLIENT=@@CHARACTER_SET_CLIENT */;
/*!40101 SET @OLD_CHARACTER_SET_RESULTS=@@CHARACTER_SET_RESULTS */;
/*!40101 SET @OLD_COLLATION_CONNECTION=@@COLLATION_CONNECTION */;
/*!40101 SET NAMES utf8 */;
/*!40103 SET @OLD_TIME_ZONE=@@TIME_ZONE */;
/*!40103 SET TIME_ZONE='+00:00' */;
/*!40014 SET @OLD_UNIQUE_CHECKS=@@UNIQUE_CHECKS, UNIQUE_CHECKS=0 */;
/*!40014 SET @OLD_FOREIGN_KEY_CHECKS=@@FOREIGN_KEY_CHECKS, FOREIGN_KEY_CHECKS=0 */;
/*!40101 SET @OLD_SQL_MODE=@@SQL_MODE, SQL_MODE='NO_AUTO_VALUE_ON_ZERO' */;
/*!40111 SET @OLD_SQL_NOTES=@@SQL_NOTES, SQL_NOTES=0 */;

--
-- Current Database: `ClockShop`
--

-- CREATE DATABASE /*!32312 IF NOT EXISTS*/ `ClockShop` /*!40100 DEFAULT CHARACTER SET utf8 */;

USE `db67829m`;

--
-- Table structure for table `SS_categories`
--

DROP TABLE IF EXISTS `SS_categories`;
/*!40101 SET @saved_cs_client     = @@character_set_client */;
/*!40101 SET character_set_client = utf8 */;
CREATE TABLE `SS_categories` (
  `categoryID` int(11) NOT NULL AUTO_INCREMENT,
  `name` varchar(255) DEFAULT NULL,
  `name_en` varchar(255) DEFAULT NULL,
  `name_de` varchar(255) DEFAULT NULL,
  `parent` int(11) DEFAULT NULL,
  `products_count` int(11) DEFAULT NULL,
  `description` text,
  `description_en` text,
  `description_de` text,
  `picture` varchar(255) DEFAULT NULL,
  `products_count_admin` int(11) DEFAULT NULL,
  PRIMARY KEY (`categoryID`)
) ENGINE=MyISAM AUTO_INCREMENT=79 DEFAULT CHARSET=utf8;
/*!40101 SET character_set_client = @saved_cs_client */;

--
-- Dumping data for table `SS_categories`
--

LOCK TABLES `SS_categories` WRITE;
/*!40000 ALTER TABLE `SS_categories` DISABLE KEYS */;
INSERT INTO `SS_categories` VALUES (1,'Часы с маятником',NULL,'Pendeluhren',0,0,'Настенные часы с маятником создадут в Вашем доме приятную атмосферу, полную уюта и покоя. Вы можете повесить эти часы даже в спальне, и при этом засыпать в тишине! Маятниковый механизм абсолютно бесшумен и весьма долговечен.\n',NULL,NULL,'category/00.2227.00.jpg',0),(2,'Часы круглые    ',NULL,'Rundbogen',0,0,'Круглые керамические часы - классическое решение для оформления комнаты; они будут выигрышно смотреться практически в любой обстановке.\n',NULL,NULL,'category/03.2783.00.jpg',0),(3,'Часы овальные   ',NULL,'Wanduhren',0,0,'Элегантная овальная фома этой серии часов хорошо подойдет для оформления Вашей гостинной.\n',NULL,NULL,'category/03.2518.00.jpg',0),(4,'Часы металлические',NULL,'Edelstein',0,0,'Металлические часы - стильный и современный аксессуар, способный подчеркнуть оригинальность интерьера вашей комнаты или кухни.\n',NULL,NULL,'category/Edel.1.jpg',0),(5,'Часы \"Фристайл\"',NULL,'NA',0,0,'Вы хотите украсить Ваш дачный домик или коттедж? Часы серии \"Фристайл\" окажутся как нельзя кстати, они идеально подходят для небольшой комнаты загородного дома.\n',NULL,NULL,'category/03.2912.00.jpg',0),(10,'Летние мотивы',NULL,'Frischer Wind',1,0,' \n',NULL,NULL,'category/NA.jpg',0),(11,'Дачный уголок',NULL,'Home & Garden',1,0,' \n',NULL,NULL,'category/NA.jpg',0),(12,'Милая кухонька',NULL,'Country-Style',1,0,' \n',NULL,NULL,'category/NA.jpg',0),(14,'Маленькие (20-25см.)',NULL,'Uhren klein',3,0,' \n',NULL,NULL,'category/NA.jpg',0),(15,'Большие (30см.)',NULL,'Uhren groß',3,0,' \n',NULL,NULL,'category/NA.jpg',0);
/*!40000 ALTER TABLE `SS_categories` ENABLE KEYS */;
UNLOCK TABLES;

--
-- Table structure for table `SS_new_offers`
--

DROP TABLE IF EXISTS `SS_new_offers`;
/*!40101 SET @saved_cs_client     = @@character_set_client */;
/*!40101 SET character_set_client = utf8 */;
CREATE TABLE `SS_new_offers` (
  `offerID` int(11) NOT NULL AUTO_INCREMENT,
  `productID` int(11) DEFAULT NULL,
  `sort_order` int(11) DEFAULT NULL,
  PRIMARY KEY (`offerID`)
) ENGINE=MyISAM AUTO_INCREMENT=74 DEFAULT CHARSET=utf8;
/*!40101 SET character_set_client = @saved_cs_client */;

--
-- Dumping data for table `SS_new_offers`
--

LOCK TABLES `SS_new_offers` WRITE;
/*!40000 ALTER TABLE `SS_new_offers` DISABLE KEYS */;
INSERT INTO `SS_new_offers` VALUES (73,141,NULL);
/*!40000 ALTER TABLE `SS_new_offers` ENABLE KEYS */;
UNLOCK TABLES;

--
-- Table structure for table `SS_ordered_carts`
--

DROP TABLE IF EXISTS `SS_ordered_carts`;
/*!40101 SET @saved_cs_client     = @@character_set_client */;
/*!40101 SET character_set_client = utf8 */;
CREATE TABLE `SS_ordered_carts` (
  `productID` int(11) NOT NULL,
  `orderID` int(11) NOT NULL,
  `name` char(255) DEFAULT NULL,
  `Price` float DEFAULT NULL,
  `Quantity` int(11) DEFAULT NULL,
  PRIMARY KEY (`productID`,`orderID`)
) ENGINE=MyISAM DEFAULT CHARSET=utf8;
/*!40101 SET character_set_client = @saved_cs_client */;

--
-- Dumping data for table `SS_ordered_carts`
--

LOCK TABLES `SS_ordered_carts` WRITE;
/*!40000 ALTER TABLE `SS_ordered_carts` DISABLE KEYS */;
INSERT INTO `SS_ordered_carts` VALUES (23,5,'[03.2303.00] Молочный бидончик',1990,2),(26,4,'[00.2911.P0] Кошкин дом',2490,1),(3,3,'[00.2212.00] Мишка с горшочком меда',1990,1),(57,5,'[03.0973.00] Хозяюшка',2290,1),(18,5,'[00.2307.00] Корзинка для пикника',2190,1);
/*!40000 ALTER TABLE `SS_ordered_carts` ENABLE KEYS */;
UNLOCK TABLES;

--
-- Table structure for table `SS_orders`
--

DROP TABLE IF EXISTS `SS_orders`;
/*!40101 SET @saved_cs_client     = @@character_set_client */;
/*!40101 SET character_set_client = utf8 */;
CREATE TABLE `SS_orders` (
  `orderID` int(11) NOT NULL AUTO_INCREMENT,
  `order_time` datetime DEFAULT NULL,
  `cust_firstname` varchar(30) DEFAULT NULL,
  `cust_lastname` varchar(30) DEFAULT NULL,
  `cust_email` varchar(30) DEFAULT NULL,
  `cust_country` varchar(30) DEFAULT NULL,
  `cust_zip` varchar(30) DEFAULT NULL,
  `cust_state` varchar(30) DEFAULT NULL,
  `cust_city` varchar(30) DEFAULT NULL,
  `cust_address` varchar(30) DEFAULT NULL,
  `cust_phone` varchar(30) DEFAULT NULL,
  PRIMARY KEY (`orderID`)
) ENGINE=MyISAM AUTO_INCREMENT=6 DEFAULT CHARSET=utf8;
/*!40101 SET character_set_client = @saved_cs_client */;

--
-- Dumping data for table `SS_orders`
--

LOCK TABLES `SS_orders` WRITE;
/*!40000 ALTER TABLE `SS_orders` DISABLE KEYS */;
INSERT INTO `SS_orders` VALUES (3,'2012-02-24 12:47:32','Bdfy dfsf','fffffffffffy','','ghdfh','','','65645ghg','jytjty','45346'),(4,'2012-02-27 16:22:02','yht','ujty','jjty','jty','jty','jyt','jyt','jyt','jyt'),(5,'2012-02-27 16:38:37','ger','gre','gre','ger','ger','ger','ger','gre','gre');
/*!40000 ALTER TABLE `SS_orders` ENABLE KEYS */;
UNLOCK TABLES;

--
-- Table structure for table `SS_products`
--

DROP TABLE IF EXISTS `SS_products`;
/*!40101 SET @saved_cs_client     = @@character_set_client */;
/*!40101 SET character_set_client = utf8 */;
CREATE TABLE `SS_products` (
  `productID` int(11) NOT NULL AUTO_INCREMENT,
  `categoryID` int(11) DEFAULT NULL,
  `name` varchar(255) DEFAULT NULL,
  `name_en` varchar(255) DEFAULT NULL,
  `name_de` varchar(255) DEFAULT NULL,
  `description` text,
  `description_en` text,
  `description_de` text,
  `color` varchar(255) DEFAULT NULL,
  `customers_rating` float NOT NULL,
  `Price` float DEFAULT NULL,
  `picture` varchar(255) DEFAULT NULL,
  `in_stock` int(11) DEFAULT NULL,
  `thumbnail` varchar(255) DEFAULT NULL,
  `customer_votes` int(11) NOT NULL,
  `items_sold` int(11) NOT NULL,
  `big_picture` varchar(255) DEFAULT NULL,
  `enabled` int(11) NOT NULL,
  `brief_description` text,
  `brief_description_en` text,
  `brief_description_de` text,
  `list_price` float DEFAULT NULL,
  `stock_price` float DEFAULT NULL,
  `product_code` char(25) DEFAULT NULL,
  PRIMARY KEY (`productID`)
) ENGINE=MyISAM AUTO_INCREMENT=216 DEFAULT CHARSET=utf8;
/*!40101 SET character_set_client = @saved_cs_client */;

--
-- Dumping data for table `SS_products`
--

LOCK TABLES `SS_products` WRITE;
/*!40000 ALTER TABLE `SS_products` DISABLE KEYS */;
INSERT INTO `SS_products` VALUES (100,12,'Пчелиное лакомство',NULL,NULL,'Керамические часы, ручная работа. Бесшумный маятниковый механизм. Гарантия 2 года. Питание от одной батарейки АА. Размер: 15 х 22 см. (размер без маятника).',NULL,NULL,'стандарт\n',0,2590,'small/00.2201.00.jpg',1,'thumbnail/00.2201.00.jpg',0,0,'big/00.2201.00.jpg',1,'Размер: 15 х 22 см. (размер без маятника)',NULL,NULL,2590,26.85,'00.2201.00'),(101,10,'Буренка',NULL,NULL,'Керамические часы, ручная работа. Бесшумный маятниковый механизм. Гарантия 2 года. Питание от одной батарейки АА. Размер: 24 х 27 см. (размер без маятника).',NULL,NULL,'стандарт\n',0,2590,'small/00.2204.00.jpg',1,'thumbnail/00.2204.00.jpg',0,0,'big/00.2204.00.jpg',1,'Размер: 24 х 27 см. (размер без маятника)',NULL,NULL,2590,26.85,'00.2204.00'),(102,10,'Мишка с горшочком меда',NULL,NULL,'Керамические часы, ручная работа. Бесшумный маятниковый механизм. Гарантия 2 года. Питание от одной батарейки АА. Размер: 21 х 30 см. (размер без маятника).',NULL,NULL,'стандарт\n',0,2590,'small/00.2212.00.jpg',1,'thumbnail/00.2212.00.jpg',0,0,'big/00.2212.00.jpg',1,'Размер: 21 х 30 см. (размер без маятника)',NULL,NULL,2590,26.85,'00.2212.00'),(103,10,'Лимончик',NULL,NULL,'Керамические часы, ручная работа. Бесшумный маятниковый механизм. Гарантия 2 года. Питание от одной батарейки АА. Размер: 19 х 26 см. (размер без маятника).',NULL,NULL,'стандарт\n',0,2590,'small/00.2213.00.jpg',1,'thumbnail/00.2213.00.jpg',0,0,'big/00.2213.00.jpg',1,'Размер: 19 х 26 см. (размер без маятника)',NULL,NULL,2590,26.85,'00.2213.00'),(104,10,'Лягушка-квакушка',NULL,NULL,'Керамические часы, ручная работа. Бесшумный маятниковый механизм. Гарантия 2 года. Питание от одной батарейки АА. Размер: 25 х 26 см. (размер без маятника).',NULL,NULL,'стандарт\n',0,2390,'small/00.2214.00.jpg',1,'thumbnail/00.2214.00.jpg',0,0,'big/00.2214.00.jpg',1,'Размер: 25 х 26 см. (размер без маятника)',NULL,NULL,2590,26.85,'00.2214.00'),(105,10,'Филин и ежик',NULL,NULL,'Керамические часы, ручная работа. Бесшумный маятниковый механизм. Гарантия 2 года. Питание от одной батарейки АА. Размер: 19 x 27см. (размер без маятника).',NULL,NULL,'стандарт\n',0,2590,'small/00.2217.00.jpg',1,'thumbnail/00.2217.00.jpg',0,0,'big/00.2217.00.jpg',1,'Размер: 19 x 27см. (размер без маятника)',NULL,NULL,2590,26.85,'00.2217.00'),(106,12,'Чаепитие',NULL,NULL,'Керамические часы, ручная работа. Бесшумный маятниковый механизм. Гарантия 2 года. Питание от одной батарейки АА. Размер: 18 х 25 см. (размер без маятника).',NULL,NULL,'синий\n',0,2590,'small/00.2225.00.jpg',1,'thumbnail/00.2225.00.jpg',0,0,'big/00.2225.00.jpg',1,'Размер: 18 х 25 см. (размер без маятника)',NULL,NULL,2590,26.85,'00.2225.00'),(107,10,'Мышка на сыре',NULL,NULL,'Керамические часы, ручная работа. Бесшумный маятниковый механизм. Гарантия 2 года. Питание от одной батарейки АА. Размер: 21 х 18 см. (размер без маятника).',NULL,NULL,'стандарт\n',0,2390,'small/00.2227.00.jpg',1,'thumbnail/00.2227.00.jpg',0,0,'big/00.2227.00.jpg',1,'Размер: 21 х 18 см. (размер без маятника)',NULL,NULL,2590,26.85,'00.2227.00'),(108,10,'Веселая пчелка',NULL,NULL,'Керамические часы, ручная работа. Бесшумный маятниковый механизм. Гарантия 2 года. Питание от одной батарейки АА. Размер: 18 х 25 см. (размер без маятника).',NULL,NULL,'стандарт\n',0,2390,'small/00.2233.00.jpg',1,'thumbnail/00.2233.00.jpg',0,0,'big/00.2233.00.jpg',1,'Размер: 18 х 25 см. (размер без маятника)',NULL,NULL,2590,26.85,'00.2233.00'),(109,10,'Ромашка ',NULL,NULL,'Керамические часы, ручная работа. Бесшумный маятниковый механизм. Гарантия 2 года. Питание от одной батарейки АА. Размер: 21 х 18 см. (размер без маятника).',NULL,NULL,'стандарт\n',0,2590,'small/00.2221.00.jpg',1,'thumbnail/00.2221.00.jpg',0,0,'big/00.2221.00.jpg',1,'Размер: 21 х 18 см. (размер без маятника)',NULL,NULL,2590,26.85,'00.2221.00'),(110,10,'Собачья радость ',NULL,NULL,'Керамические часы, ручная работа. Бесшумный маятниковый механизм. Гарантия 2 года. Питание от одной батарейки АА. Размер: 20 х 25 см. (размер без маятника).',NULL,NULL,'светло-коричневый\n',0,2590,'small/03.2231.00.jpg',1,'thumbnail/03.2231.00.jpg',0,0,'big/03.2231.00.jpg',1,'Размер: 20 х 25 см. (размер без маятника)',NULL,NULL,2590,26.85,'03.2231.00'),(111,12,'Тосты с джемом  ',NULL,NULL,'Керамические часы, ручная работа. Бесшумный маятниковый механизм. Гарантия 2 года. Питание от одной батарейки АА. Размер: 18 х 23 см. (размер без маятника).',NULL,NULL,'стандарт\n',0,2590,'small/00.2206.00.jpg',1,'thumbnail/00.2206.00.jpg',0,0,'big/00.2206.00.jpg',1,'Размер: 18 х 23 см. (размер без маятника)',NULL,NULL,2590,26.85,'00.2206.00'),(112,10,'Цветная капуста',NULL,NULL,'Керамические часы, ручная работа. Бесшумный маятниковый механизм. Гарантия 2 года. Питание от одной батарейки АА. Размер: 25 х 21 см. (размер без маятника).',NULL,NULL,'стандарт\n',0,2590,'small/00.2220.00.jpg',1,'thumbnail/00.2220.00.jpg',0,0,'big/00.2220.00.jpg',1,'Размер: 25 х 21 см. (размер без маятника)',NULL,NULL,2590,26.85,'00.2220.00'),(113,12,'Баночка варенья',NULL,NULL,'Керамические часы, ручная работа. Бесшумный маятниковый механизм. Гарантия 2 года. Питание от одной батарейки АА. Размер: 20 х 21 см. (размер без маятника).',NULL,NULL,'стандарт\n',0,2390,'small/00.2226.00.jpg',1,'thumbnail/00.2226.00.jpg',0,0,'big/00.2226.00.jpg',1,'Размер: 20 х 21 см. (размер без маятника)',NULL,NULL,2590,26.85,'00.2226.00'),(114,10,'Подсолнухи в горшочке',NULL,NULL,'Керамические часы, ручная работа. Бесшумный маятниковый механизм. Гарантия 2 года. Питание от одной батарейки АА. Размер: 20 х 28 см. (размер без маятника).',NULL,NULL,'стандарт\n',0,2590,'small/00.2228.00.jpg',1,'thumbnail/00.2228.00.jpg',0,0,'big/00.2228.00.jpg',1,'Размер: 20 х 28 см. (размер без маятника)',NULL,NULL,2590,26.85,'00.2228.00'),(115,11,'Корзинка для пикника ',NULL,NULL,'Керамические часы, ручная работа. Бесшумный маятниковый механизм. Гарантия 2 года. Питание от одной батарейки АА. Размер: 20 x 23 см. (размер без маятника).',NULL,NULL,'светло-коричневый\n',0,2390,'small/03.2307.00.jpg',1,'thumbnail/03.2307.00.jpg',0,0,'big/03.2307.00.jpg',1,'Размер: 20 x 23 см. (размер без маятника)',NULL,NULL,2590,26.85,'03.2307.00'),(116,11,'Корзинка для пикника ',NULL,NULL,'Керамические часы, ручная работа. Бесшумный маятниковый механизм. Гарантия 2 года. Питание от одной батарейки АА. Размер: 20 x 23 см. (размер без маятника).',NULL,NULL,'синий\n',0,2590,'small/00.2307.00.jpg',1,'thumbnail/00.2307.00.jpg',0,0,'big/00.2307.00.jpg',1,'Размер: 20 x 23 см. (размер без маятника)',NULL,NULL,2590,26.85,'00.2307.00'),(117,12,'Бодрое утро ',NULL,NULL,'Керамические часы, ручная работа. Бесшумный маятниковый механизм. Гарантия 2 года. Питание от одной батарейки АА. Размер: 22 х 24 см. (размер без маятника).',NULL,NULL,'с синей крышечкой\n',0,2590,'small/00.2302.00.jpg',1,'thumbnail/00.2302.00.jpg',0,0,'big/00.2302.00.jpg',1,'Размер: 22 х 24 см. (размер без маятника)',NULL,NULL,2590,26.85,'00.2302.00'),(118,12,'Горшочек с оливками',NULL,NULL,'Керамические часы, ручная работа. Бесшумный маятниковый механизм. Гарантия 2 года. Питание от одной батарейки АА. Размер: 19 х 21 см. (размер без маятника).',NULL,NULL,'стандарт\n',0,2590,'small/03.2306.00.jpg',1,'thumbnail/03.2306.00.jpg',0,0,'big/03.2306.00.jpg',1,'Размер: 19 х 21 см. (размер без маятника)',NULL,NULL,2590,26.85,'03.2306.00'),(119,11,'Огородная радость',NULL,NULL,'Керамические часы, ручная работа. Бесшумный маятниковый механизм. Гарантия 2 года. Питание от одной батарейки АА. Размер: 21 х 24 см. (размер без маятника).',NULL,NULL,'белый\n',0,2590,'small/03.2300.00.jpg',1,'thumbnail/03.2300.00.jpg',0,0,'big/03.2300.00.jpg',1,'Размер: 21 х 24 см. (размер без маятника)',NULL,NULL,2590,26.85,'03.2300.00'),(120,11,'Подарок садоводу',NULL,NULL,'Керамические часы, ручная работа. Бесшумный маятниковый механизм. Гарантия 2 года. Питание от одной батарейки АА. Размер: 18 х 26 см. (размер без маятника).',NULL,NULL,'стандарт\n',0,2590,'small/00.2301.00.jpg',1,'thumbnail/00.2301.00.jpg',0,0,'big/00.2301.00.jpg',1,'Размер: 18 х 26 см. (размер без маятника)',NULL,NULL,2590,26.85,'00.2301.00'),(121,12,'Молочный бидончик ',NULL,NULL,'Керамические часы, ручная работа. Бесшумный маятниковый механизм. Гарантия 2 года. Питание от одной батарейки АА. Размер: 18 х 26 см. (размер без маятника).',NULL,NULL,'белый\n',0,2590,'small/03.2303.00.jpg',1,'thumbnail/03.2303.00.jpg',0,0,'big/03.2303.00.jpg',1,'Размер: 18 х 26 см. (размер без маятника)',NULL,NULL,2590,26.85,'03.2303.00'),(122,12,'Весы с вишенками',NULL,NULL,'Керамические часы, ручная работа. Бесшумный маятниковый механизм. Гарантия 2 года. Питание от одной батарейки АА. Размер: 19 х 27 см. (размер без маятника).',NULL,NULL,'стандарт\n',0,2590,'small/00.2304.00.jpg',1,'thumbnail/00.2304.00.jpg',0,0,'big/00.2304.00.jpg',1,'Размер: 19 х 27 см. (размер без маятника)',NULL,NULL,2590,26.85,'00.2304.00'),(123,12,'Чистюля      ',NULL,NULL,'Керамические часы, ручная работа. Бесшумный маятниковый механизм. Гарантия 2 года. Питание от одной батарейки АА. Размер: 21 х 23 см. (размер без маятника).',NULL,NULL,'синий\n',0,2590,'small/00.2305.00.jpg',1,'thumbnail/00.2305.00.jpg',0,0,'big/00.2305.00.jpg',1,'Размер: 21 х 23 см. (размер без маятника)',NULL,NULL,2590,26.85,'00.2305.00'),(124,11,'Кошкин дом ',NULL,NULL,'Керамические часы, ручная работа. Бесшумный маятниковый механизм. Гарантия 2 года. Питание от одной батарейки АА. Размер: 23 х 28 см. (размер без маятника).',NULL,NULL,'синий\n',0,2790,'small/00.2911.P0.jpg',1,'thumbnail/00.2911.P0.jpg',0,0,'big/00.2911.P0.jpg',1,'Размер: 23 х 28 см. (размер без маятника)',NULL,NULL,2990,37.95,'00.2911.P0'),(125,11,'Кошкин дом ',NULL,NULL,'Керамические часы, ручная работа. Бесшумный маятниковый механизм. Гарантия 2 года. Питание от одной батарейки АА. Размер: 23 х 28 см. (размер без маятника).',NULL,NULL,'светло-коричневый\n',0,2990,'small/03.2911.P0.jpg',1,'thumbnail/03.2911.P0.jpg',0,0,'big/03.2911.P0.jpg',1,'Размер: 23 х 28 см. (размер без маятника)',NULL,NULL,2990,37.95,'03.2911.P0'),(126,11,'Кошкин дом ',NULL,NULL,'Керамические часы, ручная работа. Бесшумный маятниковый механизм. Гарантия 2 года. Питание от одной батарейки АА. Размер: 23 х 28 см. (размер без маятника).',NULL,NULL,'зеленый\n',0,2990,'small/04.2911.P0.jpg',1,'thumbnail/04.2911.P0.jpg',0,0,'big/04.2911.P0.jpg',1,'Размер: 23 х 28 см. (размер без маятника)',NULL,NULL,2990,37.95,'04.2911.P0'),(127,10,'Полет на дельтаплане',NULL,NULL,'Керамические часы, ручная работа. Бесшумный маятниковый механизм. Гарантия 2 года. Питание от одной батарейки АА. Размер: 22 х 30 см. (размер без маятника).',NULL,NULL,'стандарт\n',0,2990,'small/03.2950.P0.jpg',1,'thumbnail/03.2950.P0.jpg',0,0,'big/03.2950.P0.jpg',1,'Размер: 22 х 30 см. (размер без маятника)',NULL,NULL,2990,37.95,'03.2950.P0'),(128,10,'Брат-пилот',NULL,NULL,'Керамические часы, ручная работа. Бесшумный маятниковый механизм. Гарантия 2 года. Питание от одной батарейки АА. Размер: 21 х 24 см. (размер без маятника).',NULL,NULL,'стандарт\n',0,2990,'small/00.2952.P0.jpg',1,'thumbnail/00.2952.P0.jpg',0,0,'big/00.2952.P0.jpg',1,'Размер: 21 х 24 см. (размер без маятника)',NULL,NULL,2990,37.95,'00.2952.P0'),(129,12,'Кухонька ',NULL,NULL,'Керамические часы, ручная работа. Бесшумный маятниковый механизм. Гарантия 2 года. Питание от одной батарейки АА. Размер: 24 х 27 см. (размер без маятника).',NULL,NULL,'белый\n',0,2990,'small/03.2906.P0.jpg',1,'thumbnail/03.2906.P0.jpg',0,0,'big/03.2906.P0.jpg',1,'Размер: 24 х 27 см. (размер без маятника)',NULL,NULL,2990,37.95,'03.2906.P0'),(130,12,'Кухонька ',NULL,NULL,'Керамические часы, ручная работа. Бесшумный маятниковый механизм. Гарантия 2 года. Питание от одной батарейки АА. Размер: 24 х 27 см. (размер без маятника).',NULL,NULL,'голубой\n',0,2990,'small/00.2906.P0.jpg',1,'thumbnail/00.2906.P0.jpg',0,0,'big/00.2906.P0.jpg',1,'Размер: 24 х 27 см. (размер без маятника)',NULL,NULL,2990,37.95,'00.2906.P0'),(131,12,'Старинная кофемолка ',NULL,NULL,'Керамические часы, ручная работа. Бесшумный маятниковый механизм. Гарантия 2 года. Питание от одной батарейки АА. Размер: 25 х 22 см. (размер без маятника).',NULL,NULL,'синий\n',0,2990,'small/00.2907.P0.jpg',1,'thumbnail/00.2907.P0.jpg',0,0,'big/00.2907.P0.jpg',1,'Размер: 25 х 22 см. (размер без маятника)',NULL,NULL,2990,37.95,'00.2907.P0'),(132,11,'Гуси ',NULL,NULL,'Керамические часы, ручная работа. Бесшумный маятниковый механизм. Гарантия 2 года. Питание от одной батарейки АА. Размер: стандарт.',NULL,NULL,'с красными бантиками\n',0,2990,'small/03.2909.P0.jpg',1,'thumbnail/03.2909.P0.jpg',0,0,'big/03.2909.P0.jpg',1,'Размер: стандарт',NULL,NULL,2990,37.95,'03.2909.P0'),(133,12,'Пряности',NULL,NULL,'Керамические часы, ручная работа. Бесшумный маятниковый механизм. Гарантия 2 года. Питание от одной батарейки АА. Размер: 16 х 24 см. (размер без маятника).',NULL,NULL,'стандарт\n',0,2990,'small/03.2901.P0.jpg',1,'thumbnail/03.2901.P0.jpg',0,0,'big/03.2901.P0.jpg',1,'Размер: 16 х 24 см. (размер без маятника)',NULL,NULL,2990,37.95,'03.2901.P0'),(134,12,'Легкий завтрак ',NULL,NULL,'Керамические часы, ручная работа. Бесшумный маятниковый механизм. Гарантия 2 года. Питание от одной батарейки АА. Размер: 18 х 22 см. (размер без маятника).',NULL,NULL,'светло-коричневый\n',0,2990,'small/03.2902.P0.jpg',1,'thumbnail/03.2902.P0.jpg',0,0,'big/03.2902.P0.jpg',1,'Размер: 18 х 22 см. (размер без маятника)',NULL,NULL,2990,37.95,'03.2902.P0'),(135,12,'Легкий завтрак ',NULL,NULL,'Керамические часы, ручная работа. Бесшумный маятниковый механизм. Гарантия 2 года. Питание от одной батарейки АА. Размер: 18 х 22 см. (размер без маятника).',NULL,NULL,'синий\n',0,2990,'small/00.2902.P0.jpg',1,'thumbnail/00.2902.P0.jpg',0,0,'big/00.2902.P0.jpg',1,'Размер: 18 х 22 см. (размер без маятника)',NULL,NULL,2990,37.95,'00.2902.P0'),(136,12,'Затеваем пироги',NULL,NULL,'Керамические часы, ручная работа. Бесшумный маятниковый механизм. Гарантия 2 года. Питание от одной батарейки АА. Размер: 25 х 26 см. (размер без маятника).',NULL,NULL,'стандарт\n',0,2990,'small/03.2904.P0.jpg',1,'thumbnail/03.2904.P0.jpg',0,0,'big/03.2904.P0.jpg',1,'Размер: 25 х 26 см. (размер без маятника)',NULL,NULL,2990,37.95,'03.2904.P0'),(137,12,'Доброе утро ',NULL,NULL,'Керамические часы, ручная работа. Бесшумный маятниковый механизм. Гарантия 2 года. Питание от одной батарейки АА. Размер: 27 х 20 см. (размер без маятника).',NULL,NULL,'светло-коричневый\n',0,2990,'small/03.2903.P0.jpg',1,'thumbnail/03.2903.P0.jpg',0,0,'big/03.2903.P0.jpg',1,'Размер: 27 х 20 см. (размер без маятника)',NULL,NULL,2990,37.95,'03.2903.P0'),(138,12,'Доброе утро ',NULL,NULL,'Керамические часы, ручная работа. Бесшумный маятниковый механизм. Гарантия 2 года. Питание от одной батарейки АА. Размер: 27 х 20 см. (размер без маятника).',NULL,NULL,'синий\n',0,2990,'small/00.2903.P0.jpg',1,'thumbnail/00.2903.P0.jpg',0,0,'big/00.2903.P0.jpg',1,'Размер: 27 х 20 см. (размер без маятника)',NULL,NULL,2990,37.95,'00.2903.P0'),(139,13,'Чайкоффский',NULL,NULL,'Керамические часы, ручная работа. Бесшумный кварцевый механизм. Гарантия 2 года. Питание от одной батарейки АА. Размер: 16 х 15 см. (размер без маятника).',NULL,NULL,'стандарт\n',0,2490,'small/03.1104.P0.jpg',1,'thumbnail/03.1104.P0.jpg',0,0,'big/03.1104.P0.jpg',1,'Размер: 16 х 15 см. (размер без маятника)',NULL,NULL,2490,26.75,'03.1104.P0'),(140,13,'Конфитюр',NULL,NULL,'Керамические часы, ручная работа. Бесшумный кварцевый механизм. Гарантия 2 года. Питание от одной батарейки АА. Размер: 14 х 14 см. (размер без маятника).',NULL,NULL,'стандарт\n',0,2490,'small/03.1105.P0.jpg',1,'thumbnail/03.1105.P0.jpg',0,0,'big/03.1105.P0.jpg',1,'Размер: 14 х 14 см. (размер без маятника)',NULL,NULL,2490,26.75,'03.1105.P0'),(141,13,'Тосты с медом',NULL,NULL,'Керамические часы, ручная работа. Бесшумный кварцевый механизм. Гарантия 2 года. Питание от одной батарейки АА. Размер: 15 х 16 см. (размер без маятника).',NULL,NULL,'стандарт\n',0,2190,'small/03.1106.P0.jpg',1,'thumbnail/03.1106.P0.jpg',0,0,'big/03.1106.P0.jpg',1,'Размер: 15 х 16 см. (размер без маятника)',NULL,NULL,2490,26.75,'03.1106.P0'),(142,13,'Кофе со сливками',NULL,NULL,'Керамические часы, ручная работа. Бесшумный кварцевый механизм. Гарантия 2 года. Питание от одной батарейки АА. Размер: 17 х 15 см. (размер без маятника).',NULL,NULL,'стандарт\n',0,2490,'small/03.1101.P0.jpg',1,'thumbnail/03.1101.P0.jpg',0,0,'big/03.1101.P0.jpg',1,'Размер: 17 х 15 см. (размер без маятника)',NULL,NULL,2490,26.75,'03.1101.P0'),(143,13,'Фруктовое настроение    ',NULL,NULL,'Керамические часы, ручная работа. Бесшумный кварцевый механизм. Гарантия 2 года. Питание от одной батарейки АА. Размер: 14 х 19 см. (размер без маятника).',NULL,NULL,'стандарт\n',0,2490,'small/03.1102.P0.jpg',1,'thumbnail/03.1102.P0.jpg',0,0,'big/03.1102.P0.jpg',1,'Размер: 14 х 19 см. (размер без маятника)',NULL,NULL,2490,26.75,'03.1102.P0'),(144,14,'Птичий двор',NULL,NULL,'Керамические часы, ручная работа. Бесшумный кварцевый механизм. Гарантия 2 года. Питание от одной батарейки АА. Размер: 14,5 x 20 см. .',NULL,NULL,'стандарт\n',0,2590,'small/03.2524.00.jpg',1,'thumbnail/03.2524.00.jpg',0,0,'big/03.2524.00.jpg',1,'Размер: 14,5 x 20 см. ',NULL,NULL,2590,28.85,'03.2524.00'),(145,14,'Натюрморт',NULL,NULL,'Керамические часы, ручная работа. Бесшумный кварцевый механизм. Гарантия 2 года. Питание от одной батарейки АА. Размер: 14,5 x 20 см. .',NULL,NULL,'стандарт\n',0,2590,'small/03.2531.00.jpg',1,'thumbnail/03.2531.00.jpg',0,0,'big/03.2531.00.jpg',1,'Размер: 14,5 x 20 см. ',NULL,NULL,2590,28.85,'03.2531.00'),(146,14,'В стиле \"Кантри\"',NULL,NULL,'Керамические часы, ручная работа. Бесшумный кварцевый механизм. Гарантия 2 года. Питание от одной батарейки АА. Размер: 14,5 x 20 см. .',NULL,NULL,'стандарт\n',0,2590,'small/03.2534.00.jpg',1,'thumbnail/03.2534.00.jpg',0,0,'big/03.2534.00.jpg',1,'Размер: 14,5 x 20 см. ',NULL,NULL,2590,28.85,'03.2534.00'),(147,14,'Гуси с сердечком',NULL,NULL,'Керамические часы, ручная работа. Бесшумный кварцевый механизм. Гарантия 2 года. Питание от одной батарейки АА. Размер: 14,5 x 20 см. .',NULL,NULL,'стандарт\n',0,2590,'small/03.2556.00.jpg',1,'thumbnail/03.2556.00.jpg',0,0,'big/03.2556.00.jpg',1,'Размер: 14,5 x 20 см. ',NULL,NULL,2590,28.85,'03.2556.00'),(148,14,'Букет для мамы',NULL,NULL,'Керамические часы, ручная работа. Бесшумный кварцевый механизм. Гарантия 2 года. Питание от одной батарейки АА. Размер: 14,5 x 20 см. .',NULL,NULL,'стандарт\n',0,2590,'small/03.2518.00.jpg',1,'thumbnail/03.2518.00.jpg',0,0,'big/03.2518.00.jpg',1,'Размер: 14,5 x 20 см. ',NULL,NULL,2590,28.85,'03.2518.00'),(149,15,'Доброе тепло',NULL,NULL,'Керамические часы, ручная работа. Бесшумный кварцевый механизм. Гарантия 2 года. Питание от одной батарейки АА. Размер: 21 x 30 см. .',NULL,NULL,'синий\n',0,3090,'small/00.2623.00.jpg',1,'thumbnail/00.2623.00.jpg',0,0,'big/00.2623.00.jpg',1,'Размер: 21 x 30 см. ',NULL,NULL,3090,39.75,'00.2623.00'),(150,15,'Урожай',NULL,NULL,'Керамические часы, ручная работа. Бесшумный кварцевый механизм. Гарантия 2 года. Питание от одной батарейки АА. Размер: 21 x 30 см. .',NULL,NULL,'светло-коричневый\n',0,3090,'small/00.2622.00.jpg',1,'thumbnail/00.2622.00.jpg',0,0,'big/00.2622.00.jpg',1,'Размер: 21 x 30 см. ',NULL,NULL,3090,39.75,'00.2622.00'),(151,15,'Летний день ',NULL,NULL,'Керамические часы, ручная работа. Бесшумный кварцевый механизм. Гарантия 2 года. Питание от одной батарейки АА. Размер: 21 x 30 см. .',NULL,NULL,'красный\n',0,3090,'small/03.2634.00.jpg',1,'thumbnail/03.2634.00.jpg',0,0,'big/03.2634.00.jpg',1,'Размер: 21 x 30 см. ',NULL,NULL,3090,39.75,'03.2634.00'),(152,15,'Отдохнем!  ',NULL,NULL,'Керамические часы, ручная работа. Бесшумный кварцевый механизм. Гарантия 2 года. Питание от одной батарейки АА. Размер: 21 x 30 см. .',NULL,NULL,'светло-коричневый\n',0,3090,'small/03.2637.00.jpg',1,'thumbnail/03.2637.00.jpg',0,0,'big/03.2637.00.jpg',1,'Размер: 21 x 30 см. ',NULL,NULL,3090,39.75,'03.2637.00'),(153,15,'Гусиная пара',NULL,NULL,'Керамические часы, ручная работа. Бесшумный кварцевый механизм. Гарантия 2 года. Питание от одной батарейки АА. Размер: 21 x 30 см. .',NULL,NULL,'светло-коричневый\n',0,3090,'small/03.2644.00.jpg',1,'thumbnail/03.2644.00.jpg',0,0,'big/03.2644.00.jpg',1,'Размер: 21 x 30 см. ',NULL,NULL,3090,39.75,'03.2644.00'),(154,15,'Специи',NULL,NULL,'Керамические часы, ручная работа. Бесшумный кварцевый механизм. Гарантия 2 года. Питание от одной батарейки АА. Размер: 21 x 30 см. .',NULL,NULL,'синий\n',0,3090,'small/00.2641.00.jpg',1,'thumbnail/00.2641.00.jpg',0,0,'big/00.2641.00.jpg',1,'Размер: 21 x 30 см. ',NULL,NULL,3090,39.75,'00.2641.00'),(155,3,'Коровки на лугу',NULL,NULL,'Керамические часы, ручная работа. Бесшумный кварцевый механизм. Гарантия 2 года. Питание от одной батарейки АА. Размер: 16,5 x 24,5 см. .',NULL,NULL,'светло-коричневый\n',0,2590,'small/03.0971.00.jpg',1,'thumbnail/03.0971.00.jpg',0,0,'big/03.0971.00.jpg',1,'Размер: 16,5 x 24,5 см. ',NULL,NULL,2590,27.95,'03.0971.00'),(156,14,'Хозяюшка    ',NULL,NULL,'Керамические часы, ручная работа. Бесшумный кварцевый механизм. Гарантия 2 года. Питание от одной батарейки АА. Размер: 16,5 x 24,5 см. .',NULL,NULL,'светло-коричневый\n',0,2590,'small/03.0973.00.jpg',1,'thumbnail/03.0973.00.jpg',0,0,'big/03.0973.00.jpg',1,'Размер: 16,5 x 24,5 см. ',NULL,NULL,2590,27.95,'03.0973.00'),(157,12,'Чистюля',NULL,NULL,'Керамические часы, ручная работа. Бесшумный маятниковый механизм. Гарантия 2 года. Питание от одной батарейки АА. Размер: 21 х 23 см. (размер без маятника).',NULL,NULL,'светло-коричневый\n',0,2590,'small/Pend.1.jpg',1,'thumbnail/Pend.1.jpg',0,0,'big/Pend.1.jpg',1,'Размер: 21 х 23 см. (размер без маятника)',NULL,NULL,2590,26.85,'Pend.1'),(158,11,'Шкафчик',NULL,NULL,'Керамические часы, ручная работа. Бесшумный маятниковый механизм. Гарантия 2 года. Питание от одной батарейки АА. Размер: 21 х 27 см. (размер без маятника).',NULL,NULL,'зеленый\n',0,2990,'small/Pend.2.jpg',1,'thumbnail/Pend.2.jpg',0,0,'big/Pend.2.jpg',1,'Размер: 21 х 27 см. (размер без маятника)',NULL,NULL,2990,37.95,'Pend.2'),(159,11,'Огородная радость',NULL,NULL,'Керамические часы, ручная работа. Бесшумный маятниковый механизм. Гарантия 2 года. Питание от одной батарейки АА. Размер: 21 х 24 см. (размер без маятника).',NULL,NULL,'синий\n',0,2590,'small/Pend.3.jpg',1,'thumbnail/Pend.3.jpg',0,0,'big/Pend.3.jpg',1,'Размер: 21 х 24 см. (размер без маятника)',NULL,NULL,2590,26.85,'Pend.3'),(160,10,'Золотая рыбка',NULL,NULL,'Керамические часы, ручная работа. Бесшумный маятниковый механизм. Гарантия 2 года. Питание от одной батарейки АА. Размер: стандарт.',NULL,NULL,'стандарт\n',0,3490,'small/Pend.4.jpg',1,'thumbnail/Pend.4.jpg',0,0,'big/Pend.4.jpg',1,'Размер: стандарт',NULL,NULL,3490,50,'Pend.4'),(161,10,'Бегемотик',NULL,NULL,'Керамические часы, ручная работа. Бесшумный маятниковый механизм. Гарантия 2 года. Питание от одной батарейки АА. Размер: стандарт.',NULL,NULL,'стандарт\n',0,3490,'small/Pend.5.jpg',1,'thumbnail/Pend.5.jpg',0,0,'big/Pend.5.jpg',1,'Размер: стандарт',NULL,NULL,3490,50,'Pend.5'),(162,12,'Ассорти',NULL,NULL,'Керамические часы, ручная работа. Бесшумный маятниковый механизм. Гарантия 2 года. Питание от одной батарейки АА. Размер: стандарт.',NULL,NULL,'стандарт\n',0,3490,'small/Pend.6.jpg',1,'thumbnail/Pend.6.jpg',0,0,'big/Pend.6.jpg',1,'Размер: стандарт',NULL,NULL,3490,50,'Pend.6'),(163,10,'Золотой гребешок',NULL,NULL,'Керамические часы, ручная работа. Бесшумный маятниковый механизм. Гарантия 2 года. Питание от одной батарейки АА. Размер: стандарт.',NULL,NULL,'стандарт\n',0,3490,'small/Pend.7.jpg',1,'thumbnail/Pend.7.jpg',0,0,'big/Pend.7.jpg',1,'Размер: стандарт',NULL,NULL,3490,50,'Pend.7'),(164,10,'Собачья рабость',NULL,NULL,'Керамические часы, ручная работа. Бесшумный маятниковый механизм. Гарантия 2 года. Питание от одной батарейки АА. Размер: стандарт.',NULL,NULL,'темно-коричневый\n',0,3490,'small/Pend.8.jpg',1,'thumbnail/Pend.8.jpg',0,0,'big/Pend.8.jpg',1,'Размер: стандарт',NULL,NULL,3490,50,'Pend.8'),(165,12,'Бодрое утро',NULL,NULL,'Керамические часы, ручная работа. Бесшумный маятниковый механизм. Гарантия 2 года. Питание от одной батарейки АА. Размер: стандарт.',NULL,NULL,'светло-коричневый\n',0,3490,'small/Pend.9.jpg',1,'thumbnail/Pend.9.jpg',0,0,'big/Pend.9.jpg',1,'Размер: стандарт',NULL,NULL,3490,50,'Pend.9'),(166,10,'Матроскин',NULL,NULL,'Керамические часы, ручная работа. Бесшумный маятниковый механизм. Гарантия 2 года. Питание от одной батарейки АА. Размер: стандарт.',NULL,NULL,'стандарт\n',0,3490,'small/Pend.10.jpg',1,'thumbnail/Pend.10.jpg',0,0,'big/Pend.10.jpg',1,'Размер: стандарт',NULL,NULL,3490,50,'Pend.10'),(167,10,'Телячьи нежности',NULL,NULL,'Керамические часы, ручная работа. Бесшумный маятниковый механизм. Гарантия 2 года. Питание от одной батарейки АА. Размер: стандарт.',NULL,NULL,'темно-коричневый\n',0,3490,'small/Pend.11.jpg',1,'thumbnail/Pend.11.jpg',0,0,'big/Pend.11.jpg',1,'Размер: стандарт',NULL,NULL,3490,50,'Pend.11'),(168,10,'Телячьи нежности',NULL,NULL,'Керамические часы, ручная работа. Бесшумный маятниковый механизм. Гарантия 2 года. Питание от одной батарейки АА. Размер: стандарт.',NULL,NULL,'розовый\n',0,3490,'small/Pend.12.jpg',1,'thumbnail/Pend.12.jpg',0,0,'big/Pend.12.jpg',1,'Размер: стандарт',NULL,NULL,3490,50,'Pend.12'),(169,10,'Телячьи нежности',NULL,NULL,'Керамические часы, ручная работа. Бесшумный маятниковый механизм. Гарантия 2 года. Питание от одной батарейки АА. Размер: стандарт.',NULL,NULL,'светло-коричневый\n',0,3490,'small/Pend.13.jpg',1,'thumbnail/Pend.13.jpg',0,0,'big/Pend.13.jpg',1,'Размер: стандарт',NULL,NULL,3490,50,'Pend.13'),(170,12,'Старинная кофемолка',NULL,NULL,'Керамические часы, ручная работа. Бесшумный маятниковый механизм. Гарантия 2 года. Питание от одной батарейки АА. Размер: стандарт.',NULL,NULL,'без мешка\n',0,3490,'small/Pend.14.jpg',1,'thumbnail/Pend.14.jpg',0,0,'big/Pend.14.jpg',1,'Размер: стандарт',NULL,NULL,3490,50,'Pend.14'),(171,10,'Грызуня',NULL,NULL,'Керамические часы, ручная работа. Бесшумный маятниковый механизм. Гарантия 2 года. Питание от одной батарейки АА. Размер: стандарт.',NULL,NULL,'стандарт\n',0,3490,'small/Pend.15.jpg',1,'thumbnail/Pend.15.jpg',0,0,'big/Pend.15.jpg',1,'Размер: стандарт',NULL,NULL,3490,50,'Pend.15'),(172,10,'Заводной апельсин',NULL,NULL,'Керамические часы, ручная работа. Бесшумный маятниковый механизм. Гарантия 2 года. Питание от одной батарейки АА. Размер: стандарт.',NULL,NULL,'стандарт\n',0,3490,'small/Pend.16.jpg',1,'thumbnail/Pend.16.jpg',0,0,'big/Pend.16.jpg',1,'Размер: стандарт',NULL,NULL,3490,50,'Pend.16'),(173,10,'Доброе тепло',NULL,NULL,'Керамические часы, ручная работа. Бесшумный маятниковый механизм. Гарантия 2 года. Питание от одной батарейки АА. Размер: стандарт.',NULL,NULL,'стандарт\n',0,3490,'small/Pend.17.jpg',1,'thumbnail/Pend.17.jpg',0,0,'big/Pend.17.jpg',1,'Размер: стандарт',NULL,NULL,3490,50,'Pend.17'),(174,10,'Пингвинчик',NULL,NULL,'Керамические часы, ручная работа. Бесшумный маятниковый механизм. Гарантия 2 года. Питание от одной батарейки АА. Размер: стандарт.',NULL,NULL,'стандарт\n',0,3490,'small/Pend.18.jpg',1,'thumbnail/Pend.18.jpg',0,0,'big/Pend.18.jpg',1,'Размер: стандарт',NULL,NULL,3490,50,'Pend.18'),(175,10,'Утиное семейство',NULL,NULL,'Керамические часы, ручная работа. Бесшумный маятниковый механизм. Гарантия 2 года. Питание от одной батарейки АА. Размер: стандарт.',NULL,NULL,'стандарт\n',0,3490,'small/Pend.19.jpg',1,'thumbnail/Pend.19.jpg',0,0,'big/Pend.19.jpg',1,'Размер: стандарт',NULL,NULL,3490,50,'Pend.19'),(176,10,'Цып-цып!',NULL,NULL,'Керамические часы, ручная работа. Бесшумный маятниковый механизм. Гарантия 2 года. Питание от одной батарейки АА. Размер: стандарт.',NULL,NULL,'стандарт\n',0,3490,'small/Pend.20.jpg',1,'thumbnail/Pend.20.jpg',0,0,'big/Pend.20.jpg',1,'Размер: стандарт',NULL,NULL,3490,50,'Pend.20'),(177,2,'Коровка на лугу',NULL,NULL,'Керамические часы, ручная работа. Бесшумный кварцевый механизм. Гарантия 2 года. Питание от одной батарейки АА. Размер: стандарт.',NULL,NULL,'стандарт\n',0,3490,'small/Rund.1.jpg',1,'thumbnail/Rund.1.jpg',0,0,'big/Rund.1.jpg',1,'Размер: стандарт',NULL,NULL,3490,50,'Rund.1'),(178,2,'Гусиная семья',NULL,NULL,'Керамические часы, ручная работа. Бесшумный кварцевый механизм. Гарантия 2 года. Питание от одной батарейки АА. Размер: стандарт.',NULL,NULL,'стандарт\n',0,3490,'small/Rund.2.jpg',1,'thumbnail/Rund.2.jpg',0,0,'big/Rund.2.jpg',1,'Размер: стандарт',NULL,NULL,3490,50,'Rund.2'),(179,2,'Бабушкины пироги',NULL,NULL,'Керамические часы, ручная работа. Бесшумный кварцевый механизм. Гарантия 2 года. Питание от одной батарейки АА. Размер: стандарт.',NULL,NULL,'стандарт\n',0,3490,'small/Rund.3.jpg',1,'thumbnail/Rund.3.jpg',0,0,'big/Rund.3.jpg',1,'Размер: стандарт',NULL,NULL,3490,50,'Rund.3'),(180,2,'Под солнцем',NULL,NULL,'Керамические часы, ручная работа. Бесшумный кварцевый механизм. Гарантия 2 года. Питание от одной батарейки АА. Размер: стандарт.',NULL,NULL,'стандарт\n',0,3490,'small/Rund.4.jpg',1,'thumbnail/Rund.4.jpg',0,0,'big/Rund.4.jpg',1,'Размер: стандарт',NULL,NULL,3490,50,'Rund.4'),(181,2,'Косули на опушке',NULL,NULL,'Керамические часы, ручная работа. Бесшумный кварцевый механизм. Гарантия 2 года. Питание от одной батарейки АА. Размер: стандарт.',NULL,NULL,'стандарт\n',0,3490,'small/Rund.5.jpg',1,'thumbnail/Rund.5.jpg',0,0,'big/Rund.5.jpg',1,'Размер: стандарт',NULL,NULL,3490,50,'Rund.5'),(182,4,'Флат-металлик',NULL,NULL,'Часы из нержавеющей стали, ручная работа. Бесшумный маятниковый механизм. Гарантия 2 года. Питание от одной батарейки АА. Размер: стандарт.',NULL,NULL,'стандарт\n',0,3490,'small/Edel.1.jpg',1,'thumbnail/Edel.1.jpg',0,0,'big/Edel.1.jpg',1,'Размер: стандарт',NULL,NULL,3490,50,'Edel.1'),(183,4,'Раунд-металлик',NULL,NULL,'Часы из нержавеющей стали, ручная работа. Бесшумный маятниковый механизм. Гарантия 2 года. Питание от одной батарейки АА. Размер: стандарт.',NULL,NULL,'стандарт\n',0,3490,'small/Edel.2.jpg',1,'thumbnail/Edel.2.jpg',0,0,'big/Edel.2.jpg',1,'Размер: стандарт',NULL,NULL,3490,50,'Edel.2'),(184,4,'Диаманд-металлик',NULL,NULL,'Часы из нержавеющей стали, ручная работа. Бесшумный маятниковый механизм. Гарантия 2 года. Питание от одной батарейки АА. Размер: стандарт.',NULL,NULL,'стандарт\n',0,3490,'small/Edel.3.jpg',1,'thumbnail/Edel.3.jpg',0,0,'big/Edel.3.jpg',1,'Размер: стандарт',NULL,NULL,3490,50,'Edel.3'),(185,5,'Хамелеон',NULL,NULL,'Керамические часы, ручная работа. Бесшумный кварцевый механизм. Гарантия 2 года. Питание от одной батарейки АА. Размер: стандарт.',NULL,NULL,'цвет морской волны\n',0,3490,'small/Free.1.jpg',1,'thumbnail/Free.1.jpg',0,0,'big/Free.1.jpg',1,'Размер: стандарт',NULL,NULL,3490,50,'Free.1'),(186,5,'Хамелеон',NULL,NULL,'Керамические часы, ручная работа. Бесшумный кварцевый механизм. Гарантия 2 года. Питание от одной батарейки АА. Размер: стандарт.',NULL,NULL,'красно-зеленый\n',0,3490,'small/Free.2.jpg',1,'thumbnail/Free.2.jpg',0,0,'big/Free.2.jpg',1,'Размер: стандарт',NULL,NULL,3490,50,'Free.2'),(187,5,'Latte Macchiato',NULL,NULL,'Керамические часы, ручная работа. Бесшумный кварцевый механизм. Гарантия 2 года. Питание от одной батарейки АА. Размер: стандарт.',NULL,NULL,'стандарт\n',0,3490,'small/Free.3.jpg',1,'thumbnail/Free.3.jpg',0,0,'big/Free.3.jpg',1,'Размер: стандарт',NULL,NULL,3490,50,'Free.3'),(188,5,'Гурман',NULL,NULL,'Керамические часы, ручная работа. Бесшумный кварцевый механизм. Гарантия 2 года. Питание от одной батарейки АА. Размер: стандарт.',NULL,NULL,'стандарт\n',0,3490,'small/Free.4.jpg',1,'thumbnail/Free.4.jpg',0,0,'big/Free.4.jpg',1,'Размер: стандарт',NULL,NULL,3490,50,'Free.4'),(189,5,'Хозяйка медной горы',NULL,NULL,'Керамические часы, ручная работа. Бесшумный кварцевый механизм. Гарантия 2 года. Питание от одной батарейки АА. Размер: стандарт.',NULL,NULL,'стандарт\n',0,3490,'small/Free.5.jpg',1,'thumbnail/Free.5.jpg',0,0,'big/Free.5.jpg',1,'Размер: стандарт',NULL,NULL,3490,50,'Free.5'),(190,5,'Кукареку',NULL,NULL,'Керамические часы, ручная работа. Бесшумный кварцевый механизм. Гарантия 2 года. Питание от одной батарейки АА. Размер: 24 х 29 см..',NULL,NULL,'стандарт\n',0,3490,'small/03.2912.00.jpg',1,'thumbnail/03.2912.00.jpg',0,0,'big/03.2912.00.jpg',1,'Размер: 24 х 29 см.',NULL,NULL,3490,50,'03.2912.00'),(191,3,'Лесная сказка',NULL,NULL,'Керамические часы, ручная работа. Бесшумный кварцевый механизм. Гарантия 2 года. Питание от одной батарейки АА. Размер: стандарт.',NULL,NULL,'стандарт\n',0,3490,'small/Oval.1.jpg',1,'thumbnail/Oval.1.jpg',0,0,'big/Oval.1.jpg',1,'Размер: стандарт',NULL,NULL,3490,50,'Oval.1'),(192,3,'Гуси лапчатые',NULL,NULL,'Керамические часы, ручная работа. Бесшумный кварцевый механизм. Гарантия 2 года. Питание от одной батарейки АА. Размер: стандарт.',NULL,NULL,'стандарт\n',0,3490,'small/Oval.2.jpg',1,'thumbnail/Oval.2.jpg',0,0,'big/Oval.2.jpg',1,'Размер: стандарт',NULL,NULL,3490,50,'Oval.2'),(193,3,'Полночь',NULL,NULL,'Керамические часы, ручная работа. Бесшумный кварцевый механизм. Гарантия 2 года. Питание от одной батарейки АА. Размер: стандарт.',NULL,NULL,'стандарт\n',0,3490,'small/Oval.4.jpg',1,'thumbnail/Oval.4.jpg',0,0,'big/Oval.4.jpg',1,'Размер: стандарт',NULL,NULL,3490,50,'Oval.4'),(194,3,'Натюрморт',NULL,NULL,'Керамические часы, ручная работа. Бесшумный кварцевый механизм. Гарантия 2 года. Питание от одной батарейки АА. Размер: стандарт.',NULL,NULL,'стандарт\n',0,3490,'small/Oval.5.jpg',1,'thumbnail/Oval.5.jpg',0,0,'big/Oval.5.jpg',1,'Размер: стандарт',NULL,NULL,3490,50,'Oval.5'),(195,3,'Мыльные пузыри',NULL,NULL,'Керамические часы, ручная работа. Бесшумный кварцевый механизм. Гарантия 2 года. Питание от одной батарейки АА. Размер: стандарт.',NULL,NULL,'стандарт\n',0,3490,'small/Oval.6.jpg',1,'thumbnail/Oval.6.jpg',0,0,'big/Oval.6.jpg',1,'Размер: стандарт',NULL,NULL,3490,50,'Oval.6'),(196,3,'На кухне',NULL,NULL,'Керамические часы, ручная работа. Бесшумный кварцевый механизм. Гарантия 2 года. Питание от одной батарейки АА. Размер: стандарт.',NULL,NULL,'стандарт\n',0,3490,'small/Oval.7.jpg',1,'thumbnail/Oval.7.jpg',0,0,'big/Oval.7.jpg',1,'Размер: стандарт',NULL,NULL,3490,50,'Oval.7'),(197,3,'Уютный дом',NULL,NULL,'Керамические часы, ручная работа. Бесшумный кварцевый механизм. Гарантия 2 года. Питание от одной батарейки АА. Размер: стандарт.',NULL,NULL,'стандарт\n',0,3490,'small/Oval.8.jpg',1,'thumbnail/Oval.8.jpg',0,0,'big/Oval.8.jpg',1,'Размер: стандарт',NULL,NULL,3490,50,'Oval.8'),(198,3,'Дорога домой',NULL,NULL,'Керамические часы, ручная работа. Бесшумный кварцевый механизм. Гарантия 2 года. Питание от одной батарейки АА. Размер: стандарт.',NULL,NULL,'стандарт\n',0,3490,'small/Oval.9.jpg',1,'thumbnail/Oval.9.jpg',0,0,'big/Oval.9.jpg',1,'Размер: стандарт',NULL,NULL,3490,50,'Oval.9'),(199,3,'Колючая семейка',NULL,NULL,'Керамические часы, ручная работа. Бесшумный кварцевый механизм. Гарантия 2 года. Питание от одной батарейки АА. Размер: стандарт.',NULL,NULL,'стандарт\n',0,3490,'small/Oval.10.jpg',1,'thumbnail/Oval.10.jpg',0,0,'big/Oval.10.jpg',1,'Размер: стандарт',NULL,NULL,3490,50,'Oval.10'),(200,3,'Га-га-га!',NULL,NULL,'Керамические часы, ручная работа. Бесшумный кварцевый механизм. Гарантия 2 года. Питание от одной батарейки АА. Размер: стандарт.',NULL,NULL,'стандарт\n',0,3490,'small/Oval.11.jpg',1,'thumbnail/Oval.11.jpg',0,0,'big/Oval.11.jpg',1,'Размер: стандарт',NULL,NULL,3490,50,'Oval.11'),(201,3,'Повозка',NULL,NULL,'Керамические часы, ручная работа. Бесшумный кварцевый механизм. Гарантия 2 года. Питание от одной батарейки АА. Размер: стандарт.',NULL,NULL,'стандарт\n',0,3490,'small/Oval.12.jpg',1,'thumbnail/Oval.12.jpg',0,0,'big/Oval.12.jpg',1,'Размер: стандарт',NULL,NULL,3490,50,'Oval.12'),(202,3,'Маяк',NULL,NULL,'Керамические часы, ручная работа. Бесшумный кварцевый механизм. Гарантия 2 года. Питание от одной батарейки АА. Размер: стандарт.',NULL,NULL,'стандарт\n',0,3490,'small/Oval.13.jpg',1,'thumbnail/Oval.13.jpg',0,0,'big/Oval.13.jpg',1,'Размер: стандарт',NULL,NULL,3490,50,'Oval.13'),(203,3,'Лукоморье',NULL,NULL,'Керамические часы, ручная работа. Бесшумный кварцевый механизм. Гарантия 2 года. Питание от одной батарейки АА. Размер: стандарт.',NULL,NULL,'стандарт\n',0,3490,'small/Oval.14.jpg',1,'thumbnail/Oval.14.jpg',0,0,'big/Oval.14.jpg',1,'Размер: стандарт',NULL,NULL,3490,50,'Oval.14'),(204,3,'Изобилие',NULL,NULL,'Керамические часы, ручная работа. Бесшумный кварцевый механизм. Гарантия 2 года. Питание от одной батарейки АА. Размер: стандарт.',NULL,NULL,'стандарт\n',0,3490,'small/Oval.15.jpg',1,'thumbnail/Oval.15.jpg',0,0,'big/Oval.15.jpg',1,'Размер: стандарт',NULL,NULL,3490,50,'Oval.15'),(205,3,'Специи',NULL,NULL,'Керамические часы, ручная работа. Бесшумный кварцевый механизм. Гарантия 2 года. Питание от одной батарейки АА. Размер: стандарт.',NULL,NULL,'стандарт\n',0,3490,'small/Oval.16.jpg',1,'thumbnail/Oval.16.jpg',0,0,'big/Oval.16.jpg',1,'Размер: стандарт',NULL,NULL,3490,50,'Oval.16'),(206,3,'Гусиная свадьба',NULL,NULL,'Керамические часы, ручная работа. Бесшумный кварцевый механизм. Гарантия 2 года. Питание от одной батарейки АА. Размер: стандарт.',NULL,NULL,'стандарт\n',0,3490,'small/Oval.17.jpg',1,'thumbnail/Oval.17.jpg',0,0,'big/Oval.17.jpg',1,'Размер: стандарт',NULL,NULL,3490,50,'Oval.17'),(207,3,'Пикник',NULL,NULL,'Керамические часы, ручная работа. Бесшумный кварцевый механизм. Гарантия 2 года. Питание от одной батарейки АА. Размер: стандарт.',NULL,NULL,'стандарт\n',0,3490,'small/Oval.18.jpg',1,'thumbnail/Oval.18.jpg',0,0,'big/Oval.18.jpg',1,'Размер: стандарт',NULL,NULL,3490,50,'Oval.18'),(208,3,'Погребок',NULL,NULL,'Керамические часы, ручная работа. Бесшумный кварцевый механизм. Гарантия 2 года. Питание от одной батарейки АА. Размер: стандарт.',NULL,NULL,'стандарт\n',0,3490,'small/Oval.19.jpg',1,'thumbnail/Oval.19.jpg',0,0,'big/Oval.19.jpg',1,'Размер: стандарт',NULL,NULL,3490,50,'Oval.19'),(209,3,'Городская тема',NULL,NULL,'Керамические часы, ручная работа. Бесшумный кварцевый механизм. Гарантия 2 года. Питание от одной батарейки АА. Размер: стандарт.',NULL,NULL,'стандарт\n',0,3490,'small/Oval.20.jpg',1,'thumbnail/Oval.20.jpg',0,0,'big/Oval.20.jpg',1,'Размер: стандарт',NULL,NULL,3490,50,'Oval.20'),(210,3,'Лебединое озеро',NULL,NULL,'Керамические часы, ручная работа. Бесшумный кварцевый механизм. Гарантия 2 года. Питание от одной батарейки АА. Размер: стандарт.',NULL,NULL,'стандарт\n',0,3490,'small/Oval.21.jpg',1,'thumbnail/Oval.21.jpg',0,0,'big/Oval.21.jpg',1,'Размер: стандарт',NULL,NULL,3490,50,'Oval.21'),(211,3,'Парное молоко',NULL,NULL,'Керамические часы, ручная работа. Бесшумный кварцевый механизм. Гарантия 2 года. Питание от одной батарейки АА. Размер: стандарт.',NULL,NULL,'стандарт\n',0,3490,'small/Oval.22.jpg',1,'thumbnail/Oval.22.jpg',0,0,'big/Oval.22.jpg',1,'Размер: стандарт',NULL,NULL,3490,50,'Oval.22'),(212,3,'Завтракать пора!',NULL,NULL,'Керамические часы, ручная работа. Бесшумный кварцевый механизм. Гарантия 2 года. Питание от одной батарейки АА. Размер: стандарт.',NULL,NULL,'стандарт\n',0,3490,'small/Oval.23.jpg',1,'thumbnail/Oval.23.jpg',0,0,'big/Oval.23.jpg',1,'Размер: стандарт',NULL,NULL,3490,50,'Oval.23'),(213,3,'Ароматы',NULL,NULL,'Керамические часы, ручная работа. Бесшумный кварцевый механизм. Гарантия 2 года. Питание от одной батарейки АА. Размер: стандарт.',NULL,NULL,'стандарт\n',0,3490,'small/Oval.24.jpg',1,'thumbnail/Oval.24.jpg',0,0,'big/Oval.24.jpg',1,'Размер: стандарт',NULL,NULL,3490,50,'Oval.24'),(214,3,'Пироговый дворик',NULL,NULL,'Керамические часы, ручная работа. Бесшумный кварцевый механизм. Гарантия 2 года. Питание от одной батарейки АА. Размер: стандарт.',NULL,NULL,'стандарт\n',0,3490,'small/Oval.25.jpg',1,'thumbnail/Oval.25.jpg',0,0,'big/Oval.25.jpg',1,'Размер: стандарт',NULL,NULL,3490,50,'Oval.25'),(215,3,'Радость встречи',NULL,NULL,'Керамические часы, ручная работа. Бесшумный кварцевый механизм. Гарантия 2 года. Питание от одной батарейки АА. Размер: стандарт.',NULL,NULL,'стандарт\n',0,3490,'small/Oval.26.jpg',1,'thumbnail/Oval.26.jpg',0,0,'big/Oval.26.jpg',1,'Размер: стандарт',NULL,NULL,3490,50,'Oval.26');
/*!40000 ALTER TABLE `SS_products` ENABLE KEYS */;
UNLOCK TABLES;

--
-- Table structure for table `SS_special_offers`
--

DROP TABLE IF EXISTS `SS_special_offers`;
/*!40101 SET @saved_cs_client     = @@character_set_client */;
/*!40101 SET character_set_client = utf8 */;
CREATE TABLE `SS_special_offers` (
  `offerID` int(11) NOT NULL AUTO_INCREMENT,
  `productID` int(11) DEFAULT NULL,
  `sort_order` int(11) DEFAULT NULL,
  PRIMARY KEY (`offerID`)
) ENGINE=MyISAM AUTO_INCREMENT=382 DEFAULT CHARSET=utf8;
/*!40101 SET character_set_client = @saved_cs_client */;

--
-- Dumping data for table `SS_special_offers`
--

LOCK TABLES `SS_special_offers` WRITE;
/*!40000 ALTER TABLE `SS_special_offers` DISABLE KEYS */;
INSERT INTO `SS_special_offers` VALUES (376,107,NULL),(377,108,NULL),(378,115,NULL),(379,104,NULL),(380,124,NULL),(381,113,NULL);
/*!40000 ALTER TABLE `SS_special_offers` ENABLE KEYS */;
UNLOCK TABLES;
/*!40103 SET TIME_ZONE=@OLD_TIME_ZONE */;

/*!40101 SET SQL_MODE=@OLD_SQL_MODE */;
/*!40014 SET FOREIGN_KEY_CHECKS=@OLD_FOREIGN_KEY_CHECKS */;
/*!40014 SET UNIQUE_CHECKS=@OLD_UNIQUE_CHECKS */;
/*!40101 SET CHARACTER_SET_CLIENT=@OLD_CHARACTER_SET_CLIENT */;
/*!40101 SET CHARACTER_SET_RESULTS=@OLD_CHARACTER_SET_RESULTS */;
/*!40101 SET COLLATION_CONNECTION=@OLD_COLLATION_CONNECTION */;
/*!40111 SET SQL_NOTES=@OLD_SQL_NOTES */;

-- Dump completed on 2012-03-05 12:25:45
