<?xml version="1.0"?>
<!DOCTYPE PWBSchemata SYSTEM "PWBSchema.dtd">
<PWBSchemata>
  <PWBSchema system="Aras" customization="Aras" displayName="NLS_System" visibleLength="15" allowedLength="64">
    <xmap value="Z:\PWB_XMAP"/>
    <soapTargetUrl value="http://localhost/InnovatorServer"/>
    <externalSoapClientCallPathEnvVar value="PWB_SOAPCLIENT_PATH_ARAS"/>
    <externalFileClientCallPathEnvVar value="PWB_FILECLIENT_PATH_ARAS"/>
    <!-- Login Form: -->
    <form name="Login" info="ShowOnlyLoginData">
      <frame displayName="NLS_UserData">
        <pwbFormAttribute name="PWBLoginUser" widgetType="ComboBox" mode="update" visibleLength="10" required="true" entryAllowed="true" dataSource="UserNames"/>
        <pwbFormAttribute name="PWBLoginPassword" widgetType="SingleLineEditor" mode="update" visibleLength="11" required="false"/>
        <formAttribute name="LoginDatabase" widgetType="ComboBox" mode="update" visibleLength="10" required="true" entryAllowed="false"/>
      </frame>
    </form>
    <keyAttribute name="OBID"/>
    <classAttribute name="Class"/>
    <relationAttribute name="Class"/>
    <relationshipAttribute name="Relationship"/>
    <leftRelationshipAttribute name="Left"/>
    <rightRelationshipAttribute name="Right"/>
    <leftRelationClassAttribute name="Class1"/>
    <rightRelationClassAttribute name="Class2"/>
    <extendedRelationClassAttribute name=""/>
    <lastModificationDateAttribute name="last_mod_date"/>
    <standardPartUserDefPropAttribute name="IsStandardPart"/>
    <object name="/CAD/Mechanical/Part" displayName="Model" icon="CATPart">
      <!-- object description -->
      <description>
        <descAttribute name="item_number"/>
        <descAttribute name="major_rev"/>
        <descAttribute name="generation"/>
        <descAttribute name="name"/>
        <descAttribute name="state"/>
        <descAttribute name="classification"/>
        <descAttribute name="description"/>
      </description>
      <tooltipAttribute name="description"/>
      <!-- attribute "description" is used if set; otherwise <description> tag above -->
      <!-- all PWB toolbar actions permitted for this object -->
      <action name="Query"/>
      <action name="Create"/>
      <!-- all PWB context actions permitted for this object -->
      <contextAction name="OpenInNewPdmWindow" usedIn="PdmWindow|QueryDialog"/>
      <contextAction name="Expand" usedIn="PdmWindow"/>
      <contextAction name="MultipleExpand" usedIn="PdmWindow"/>
      <contextAction name="DeExpand" usedIn="PdmWindow"/>
      <contextAction name="CheckIn" usedIn="PdmWindow|QueryDialog"/>
      <contextAction name="CheckOut" usedIn="PdmWindow|QueryDialog"/>
      <contextAction name="Promote" usedIn="PdmWindow"/>
      <contextAction name="Revise" usedIn="PdmWindow"/>
      <contextAction name="Open" usedIn="PdmWindow|QueryDialog" defaultAction="true"/>
      <contextAction name="TempOpen" usedIn="PdmWindow"/>
      <contextAction name="Highlight" usedIn="PdmWindow"/>
      <contextAction name="DeleteItem" usedIn="PdmWindow"/>
      <contextAction name="DeleteNewestVersion" usedIn="PdmWindow"/>
      <!-- all PWB dialog objects available for this object -->
      <form name="Query">
        <formAttribute name="item_number" displayName="Document Number" widgetType="SingleLineEditor" mode="update" visibleLength="15" required="false" listViewRelevant="true" entryAllowed="true" dataSource="RecentlyUsedValueDataSource"/>
        <formAttribute name="major_rev" displayName="Major Rev." widgetType="SingleLineEditor" mode="update" visibleLength="15" required="false" listViewRelevant="true" entryAllowed="true" dataSource="RecentlyUsedValueDataSource"/>
        <formAttribute name="generation" displayName="Generation" widgetType="SingleLineEditor" mode="update" visibleLength="15" required="false" listViewRelevant="true" entryAllowed="true" dataSource="RecentlyUsedValueDataSource"/>
        <formAttribute name="name" displayName="Name" widgetType="SingleLineEditor" mode="update" visibleLength="15" required="false" listViewRelevant="true" entryAllowed="true" dataSource="RecentlyUsedValueDataSource"/>
        <formAttribute name="state" displayName="State" widgetType="SingleLineEditor" mode="update" visibleLength="15" required="false" listViewRelevant="true" entryAllowed="true" dataSource="RecentlyUsedValueDataSource"/>
        <formAttribute name="description" displayName="Description" widgetType="MultiLineEditor" mode="update" visibleLength="15" required="false" listViewRelevant="true"/>
        <formAttribute name="created_on" displayName="Created on" widgetType="SingleLineEditor" mode="update" visibleLength="15" required="false" listViewRelevant="true" entryAllowed="true" dataSource="RecentlyUsedValueDataSource"/>
        <formAttribute name="modified_on" displayName="Modified on" widgetType="SingleLineEditor" mode="update" visibleLength="15" required="false" listViewRelevant="true" entryAllowed="true" dataSource="RecentlyUsedValueDataSource"/>
        <formAttribute name="created_by_id" displayName="Created by ID" widgetType="SingleLineEditor" mode="update" visibleLength="15" required="false" listViewRelevant="true" entryAllowed="true" dataSource="RecentlyUsedValueDataSource"/>
        <formAttribute name="modified_by_id" displayName="Modified by ID" widgetType="SingleLineEditor" mode="update" visibleLength="15" required="false" listViewRelevant="true" entryAllowed="true" dataSource="RecentlyUsedValueDataSource"/>
        <formAttribute name="locked_by_id" displayName="Locked by ID" widgetType="SingleLineEditor" mode="update" visibleLength="15" required="false" listViewRelevant="true" entryAllowed="true" dataSource="RecentlyUsedValueDataSource"/>
      </form>
      <form name="Properties">
        <formAttribute name="item_number" displayName="Document Number" widgetType="SingleLineEditor" mode="output" visibleLength="15" required="false"/>
        <formAttribute name="major_rev" widgetType="SingleLineEditor" mode="output" visibleLength="15" required="false"/>
        <formAttribute name="generation" widgetType="SingleLineEditor" mode="output" visibleLength="15" required="false"/>
        <formAttribute name="name" widgetType="SingleLineEditor" mode="output" visibleLength="15" required="false"/>
        <formAttribute name="state" widgetType="SingleLineEditor" mode="output" visibleLength="15" required="false"/>
        <formAttribute name="description" widgetType="MultiLineEditor" mode="output" visibleLength="15" required="false"/>
        <formAttribute name="new_version" widgetType="SingleCheckBox" mode="output" visibleLength="15" required="false"/>
        <formAttribute name="classification" widgetType="SingleLineEditor" mode="output" visibleLength="15" required="false"/>
        <formAttribute name="owned_by_id" widgetType="SingleLineEditor" mode="output" visibleLength="15" required="false"/>
        <formAttribute name="managed_by_id" widgetType="SingleLineEditor" mode="output" visibleLength="15" required="false"/>
        <formAttribute name="created_by_id" widgetType="SingleLineEditor" mode="output" visibleLength="15" required="false"/>
        <formAttribute name="created_on" widgetType="SingleLineEditor" mode="output" visibleLength="15" required="false"/>
        <formAttribute name="modified_by_id" widgetType="SingleLineEditor" mode="output" visibleLength="15" required="false"/>
        <formAttribute name="modified_on" widgetType="SingleLineEditor" mode="output" visibleLength="15" required="false"/>
        <formAttribute name="locked_by_id" widgetType="SingleLineEditor" mode="output" visibleLength="15" required="false"/>
        <formAttribute name="pwb_libflag" widgetType="SingleCheckBox" mode="output" visibleLength="15" required="false"/>
      </form>
      <form name="UpdateItem">
        <formAttribute name="item_number" displayName="Document Number" widgetType="SingleLineEditor" mode="output" visibleLength="15" allowedLength="32" required="false"/>
        <formAttribute name="major_rev" widgetType="SingleLineEditor" mode="output" visibleLength="15" required="false"/>
        <formAttribute name="generation" widgetType="SingleLineEditor" mode="output" visibleLength="15" required="false"/>
        <formAttribute name="name" widgetType="SingleLineEditor" mode="update" visibleLength="15" required="false"/>
        <formAttribute name="description" widgetType="MultiLineEditor" mode="update" visibleLength="15" required="false"/>
        <formAttribute name="classification" widgetType="SingleLineEditor" mode="output" visibleLength="15" required="false"/>
      </form>
      <form name="Create">
         <formAttribute name="*template" widgetType="ComboBox" mode="update" visibleLength="30" required="false" /> 
      </form>
      <form name="Register">
        <formAttribute name="item_number" displayName="Document Number" widgetType="SingleLineEditor" mode="update" visibleLength="15" allowedLength="32" required="true"/>
        <formAttribute name="name" displayName="Name" widgetType="SingleLineEditor" mode="update" visibleLength="15" required="false"/>
        <formAttribute name="description" displayName="Description" widgetType="MultiLineEditor" mode="update" visibleLength="15" required="false"/>
      </form>
      <form name="CheckInNew"/>
      <form name="CheckIn"/>
      <form name="CheckOut"/>
      <customExpand>
        <pdmTreeRef name="PartToCatiaFilePdmTree"/>
      </customExpand>
    </object>
    <object name="/CAD/Mechanical/Assembly" displayName="Assembly" icon="CATProduct">
      <!-- object description -->
      <description>
        <descAttribute name="item_number"/>
        <descAttribute name="major_rev"/>
        <descAttribute name="generation"/>
        <descAttribute name="name"/>
        <descAttribute name="state"/>
        <descAttribute name="classification"/>
        <descAttribute name="description"/>
      </description>
      <tooltipAttribute name="description"/>
      <!-- attribute "description" is used if set; otherwise <description> tag above -->
      <!-- all PWB toolbar actions permitted for this object -->
      <action name="Query"/>
      <action name="Create"/>
      <!-- all PWB context actions permitted for this object -->
      <contextAction name="OpenInNewPdmWindow" usedIn="PdmWindow|QueryDialog" defaultAction="true"/>
      <contextAction name="Expand" usedIn="PdmWindow"/>
      <contextAction name="MultipleExpand" usedIn="PdmWindow"/>
      <contextAction name="DeExpand" usedIn="PdmWindow"/>
      <contextAction name="CheckIn" usedIn="PdmWindow|QueryDialog"/>
      <contextAction name="CheckOut" usedIn="PdmWindow|QueryDialog"/>
      <contextAction name="Promote" usedIn="PdmWindow"/>
      <contextAction name="Revise" usedIn="PdmWindow"/>
      <contextAction name="LoadStructure" usedIn="PdmWindow"/>
      <contextAction name="Highlight" usedIn="PdmWindow"/>
      <contextAction name="UpdateSubCmpRels" usedIn="PdmWindow"/>
      <contextAction name="DeleteItem" usedIn="PdmWindow"/>
      <contextAction name="DeleteNewestVersion" usedIn="PdmWindow"/>
      <!-- all PWB dialog objects available for this object -->
      <form name="Query">	 		
        <formAttribute name="item_number" displayName="Document Number" widgetType="SingleLineEditor" mode="update" visibleLength="15" required="false" listViewRelevant="true" entryAllowed="true" dataSource="RecentlyUsedValueDataSource"/>
        <formAttribute name="major_rev" displayName="Major Rev." widgetType="SingleLineEditor" mode="update" visibleLength="15" required="false" listViewRelevant="true" entryAllowed="true" dataSource="RecentlyUsedValueDataSource"/>
        <formAttribute name="generation" displayName="Generation" widgetType="SingleLineEditor" mode="update" visibleLength="15" required="false" listViewRelevant="true" entryAllowed="true" dataSource="RecentlyUsedValueDataSource"/>
        <formAttribute name="name" displayName="Name" widgetType="SingleLineEditor" mode="update" visibleLength="15" required="false" listViewRelevant="true" entryAllowed="true" dataSource="RecentlyUsedValueDataSource"/>
        <formAttribute name="state" displayName="State" widgetType="SingleLineEditor" mode="update" visibleLength="15" required="false" listViewRelevant="true" entryAllowed="true" dataSource="RecentlyUsedValueDataSource"/>
        <formAttribute name="description" displayName="Description" widgetType="MultiLineEditor" mode="update" visibleLength="15" required="false" listViewRelevant="true"/>
        <formAttribute name="created_on" displayName="Created on" widgetType="SingleLineEditor" mode="update" visibleLength="15" required="false" listViewRelevant="true" entryAllowed="true" dataSource="RecentlyUsedValueDataSource"/>
        <formAttribute name="modified_on" displayName="Modified on" widgetType="SingleLineEditor" mode="update" visibleLength="15" required="false" listViewRelevant="true" entryAllowed="true" dataSource="RecentlyUsedValueDataSource"/>
        <formAttribute name="created_by_id" displayName="Created by ID" widgetType="SingleLineEditor" mode="update" visibleLength="15" required="false" listViewRelevant="true" entryAllowed="true" dataSource="RecentlyUsedValueDataSource"/>
        <formAttribute name="modified_by_id" displayName="Modified by ID" widgetType="SingleLineEditor" mode="update" visibleLength="15" required="false" listViewRelevant="true" entryAllowed="true" dataSource="RecentlyUsedValueDataSource"/>
        <formAttribute name="locked_by_id" displayName="Locked by ID" widgetType="SingleLineEditor" mode="update" visibleLength="15" required="false" listViewRelevant="true" entryAllowed="true" dataSource="RecentlyUsedValueDataSource"/>
      </form>
      <form name="Properties">
        <formAttribute name="item_number" displayName="Document Number" widgetType="SingleLineEditor" mode="output" visibleLength="15" required="false"/>
        <formAttribute name="major_rev" widgetType="SingleLineEditor" mode="output" visibleLength="15" required="false"/>
        <formAttribute name="generation" widgetType="SingleLineEditor" mode="output" visibleLength="15" required="false"/>
        <formAttribute name="name" widgetType="SingleLineEditor" mode="output" visibleLength="15" required="false"/>
        <formAttribute name="state" widgetType="SingleLineEditor" mode="output" visibleLength="15" required="false"/>
        <formAttribute name="description" widgetType="MultiLineEditor" mode="output" visibleLength="15" required="false"/>
        <formAttribute name="new_version" widgetType="SingleCheckBox" mode="output" visibleLength="15" required="false"/>
        <formAttribute name="classification" widgetType="SingleLineEditor" mode="output" visibleLength="15" required="false"/>
        <formAttribute name="owned_by_id" widgetType="SingleLineEditor" mode="output" visibleLength="15" required="false"/>
        <formAttribute name="managed_by_id" widgetType="SingleLineEditor" mode="output" visibleLength="15" required="false"/>
        <formAttribute name="created_by_id" widgetType="SingleLineEditor" mode="output" visibleLength="15" required="false"/>
        <formAttribute name="created_on" widgetType="SingleLineEditor" mode="output" visibleLength="15" required="false"/>
        <formAttribute name="modified_by_id" widgetType="SingleLineEditor" mode="output" visibleLength="15" required="false"/>
        <formAttribute name="modified_on" widgetType="SingleLineEditor" mode="output" visibleLength="15" required="false"/>
        <formAttribute name="locked_by_id" widgetType="SingleLineEditor" mode="output" visibleLength="15" required="false"/>
        <formAttribute name="pwb_libflag" widgetType="SingleCheckBox" mode="output" visibleLength="15" required="false"/>
      </form>
      <form name="UpdateItem">
        <formAttribute name="item_number" displayName="Document Number" widgetType="SingleLineEditor" mode="output" visibleLength="15" allowedLength="32" required="false"/>
        <formAttribute name="major_rev" widgetType="SingleLineEditor" mode="output" visibleLength="15" required="false"/>
        <formAttribute name="generation" widgetType="SingleLineEditor" mode="output" visibleLength="15" required="false"/>
        <formAttribute name="name" widgetType="SingleLineEditor" mode="update" visibleLength="15" required="false"/>
        <formAttribute name="description" widgetType="MultiLineEditor" mode="update" visibleLength="15" required="false"/>
        <formAttribute name="classification" widgetType="SingleLineEditor" mode="output" visibleLength="15" required="false"/>
      </form>
      <form name="Create">
        <formAttribute name="CatPrdTemplate" widgetType="ComboBox" mode="update" visibleLength="30" required="false" /> 
      </form>
      <form name="Register">
        <formAttribute name="item_number" displayName="Document Number" widgetType="SingleLineEditor" mode="update" visibleLength="15" allowedLength="32" required="true"/>
        <formAttribute name="name" displayName="Name" widgetType="SingleLineEditor" mode="update" visibleLength="15" required="false"/>
        <formAttribute name="description" displayName="Description" widgetType="MultiLineEditor" mode="update" visibleLength="15" required="false"/>
      </form>
      <form name="CheckInNew"/>
      <form name="CheckIn"/>
      <form name="CheckOut"/>
      <customExpand>
        <pdmTreeRef name="PartToCatiaFilePdmTree"/>
      </customExpand>
    </object>
    <object name="/CAD/Mechanical/Drawing" displayName="Drawing" icon="CATDrawing">
      <!-- object description -->
      <description>
        <descAttribute name="item_number"/>
        <descAttribute name="major_rev"/>
        <descAttribute name="generation"/>
        <descAttribute name="name"/>
        <descAttribute name="state"/>
        <descAttribute name="classification"/>
        <descAttribute name="description"/>
      </description>
      <tooltipAttribute name="description"/>
      <!-- attribute "description" is used if set; otherwise <description> tag above -->
      <!-- all PWB toolbar actions permitted for this object -->
      <action name="Query"/>
      <action name="Create"/>
      <action name="Register"/>
      <!-- all PWB context actions permitted for this object -->
      <contextAction name="OpenInNewPdmWindow" usedIn="PdmWindow|QueryDialog"/>
      <contextAction name="Expand" usedIn="PdmWindow"/>
      <contextAction name="MultipleExpand" usedIn="PdmWindow"/>
      <contextAction name="DeExpand" usedIn="PdmWindow"/>
      <contextAction name="CheckIn" usedIn="PdmWindow|QueryDialog"/>
      <contextAction name="CheckOut" usedIn="PdmWindow|QueryDialog"/>
      <contextAction name="Promote" usedIn="PdmWindow"/>
      <contextAction name="Revise" usedIn="PdmWindow"/>
      <contextAction name="Open" usedIn="PdmWindow|QueryDialog" defaultAction="true"/>
      <contextAction name="TempOpen" usedIn="PdmWindow"/>
      <contextAction name="DeleteItem" usedIn="PdmWindow"/>
      <contextAction name="DeleteNewestVersion" usedIn="PdmWindow"/>
      <!-- all PWB dialog objects available for this object -->
      <form name="Query">
        <formAttribute name="item_number" displayName="Document Number" widgetType="SingleLineEditor" mode="update" visibleLength="15" required="false" listViewRelevant="true" entryAllowed="true" dataSource="RecentlyUsedValueDataSource"/>
        <formAttribute name="major_rev" displayName="Major Rev." widgetType="SingleLineEditor" mode="update" visibleLength="15" required="false" listViewRelevant="true" entryAllowed="true" dataSource="RecentlyUsedValueDataSource"/>
        <formAttribute name="generation" displayName="Generation" widgetType="SingleLineEditor" mode="update" visibleLength="15" required="false" listViewRelevant="true" entryAllowed="true" dataSource="RecentlyUsedValueDataSource"/>
        <formAttribute name="name" displayName="Name" widgetType="SingleLineEditor" mode="update" visibleLength="15" required="false" listViewRelevant="true" entryAllowed="true" dataSource="RecentlyUsedValueDataSource"/>
        <formAttribute name="state" displayName="State" widgetType="SingleLineEditor" mode="update" visibleLength="15" required="false" listViewRelevant="true" entryAllowed="true" dataSource="RecentlyUsedValueDataSource"/>
        <formAttribute name="description" displayName="Description" widgetType="MultiLineEditor" mode="update" visibleLength="15" required="false" listViewRelevant="true"/>
        <formAttribute name="created_on" displayName="Created on" widgetType="SingleLineEditor" mode="update" visibleLength="15" required="false" listViewRelevant="true" entryAllowed="true" dataSource="RecentlyUsedValueDataSource"/>
        <formAttribute name="modified_on" displayName="Modified on" widgetType="SingleLineEditor" mode="update" visibleLength="15" required="false" listViewRelevant="true" entryAllowed="true" dataSource="RecentlyUsedValueDataSource"/>
        <formAttribute name="created_by_id" displayName="Created by ID" widgetType="SingleLineEditor" mode="update" visibleLength="15" required="false" listViewRelevant="true" entryAllowed="true" dataSource="RecentlyUsedValueDataSource"/>
        <formAttribute name="modified_by_id" displayName="Modified by ID" widgetType="SingleLineEditor" mode="update" visibleLength="15" required="false" listViewRelevant="true" entryAllowed="true" dataSource="RecentlyUsedValueDataSource"/>
        <formAttribute name="locked_by_id" displayName="Locked by ID" widgetType="SingleLineEditor" mode="update" visibleLength="15" required="false" listViewRelevant="true" entryAllowed="true" dataSource="RecentlyUsedValueDataSource"/>
      </form>
      <form name="Properties">
        <formAttribute name="item_number" displayName="Document Number" widgetType="SingleLineEditor" mode="output" visibleLength="15" required="false"/>
        <formAttribute name="major_rev" widgetType="SingleLineEditor" mode="output" visibleLength="15" required="false"/>
        <formAttribute name="generation" widgetType="SingleLineEditor" mode="output" visibleLength="15" required="false"/>
        <formAttribute name="name" widgetType="SingleLineEditor" mode="output" visibleLength="15" required="false"/>
        <formAttribute name="state" widgetType="SingleLineEditor" mode="output" visibleLength="15" required="false"/>
        <formAttribute name="description" widgetType="MultiLineEditor" mode="output" visibleLength="15" required="false"/>
        <formAttribute name="new_version" widgetType="SingleCheckBox" mode="output" visibleLength="15" required="false"/>
        <formAttribute name="classification" widgetType="SingleLineEditor" mode="output" visibleLength="15" required="false"/>
        <formAttribute name="owned_by_id" widgetType="SingleLineEditor" mode="output" visibleLength="15" required="false"/>
        <formAttribute name="managed_by_id" widgetType="SingleLineEditor" mode="output" visibleLength="15" required="false"/>
        <formAttribute name="created_by_id" widgetType="SingleLineEditor" mode="output" visibleLength="15" required="false"/>
        <formAttribute name="created_on" widgetType="SingleLineEditor" mode="output" visibleLength="15" required="false"/>
        <formAttribute name="modified_by_id" widgetType="SingleLineEditor" mode="output" visibleLength="15" required="false"/>
        <formAttribute name="modified_on" widgetType="SingleLineEditor" mode="output" visibleLength="15" required="false"/>
        <formAttribute name="locked_by_id" widgetType="SingleLineEditor" mode="output" visibleLength="15" required="false"/>
        <formAttribute name="pwb_libflag" widgetType="SingleCheckBox" mode="output" visibleLength="15" required="false"/>
      </form>
      <form name="UpdateItem">
        <formAttribute name="item_number" displayName="Document Number" widgetType="SingleLineEditor" mode="output" visibleLength="15" allowedLength="32" required="false"/>
        <formAttribute name="major_rev" widgetType="SingleLineEditor" mode="output" visibleLength="15" required="false"/>
        <formAttribute name="generation" widgetType="SingleLineEditor" mode="output" visibleLength="15" required="false"/>
        <formAttribute name="name" widgetType="SingleLineEditor" mode="update" visibleLength="15" required="false"/>
        <formAttribute name="description" widgetType="MultiLineEditor" mode="update" visibleLength="15" required="false"/>
        <formAttribute name="classification" widgetType="SingleLineEditor" mode="output" visibleLength="15" required="false"/>
      </form>
      <form name="Create">
         <formAttribute name="CatDrwTemplate" widgetType="ComboBox" mode="update" visibleLength="30" required="false" /> 
      </form>
      <form name="Register">
        <formAttribute name="item_number" displayName="Document Number" widgetType="SingleLineEditor" mode="update" visibleLength="15" allowedLength="32" required="true"/>
        <formAttribute name="name" displayName="Name" widgetType="SingleLineEditor" mode="update" visibleLength="15" required="false"/>
        <formAttribute name="description" displayName="Description" widgetType="MultiLineEditor" mode="update" visibleLength="15" required="false"/>
      </form>
      <form name="CheckInNew"/>
      <form name="CheckIn"/>
      <form name="CheckOut"/>
      <customExpand>
        <pdmTreeRef name="PartToCatiaFilePdmTree"/>
      </customExpand>
    </object>
    <!-- all attributes (existing in PDM System DB) -->
    <!-- Part -->
    <attribute name="item_number" displayName="NLS_item_number" isPartNumber="true"/>
    <attribute name="name" displayName="NLS_name"/>
    <attribute name="state" displayName="NLS_state"/>
    <attribute name="classification" displayName="NLS_classification"/>
    <attribute name="major_rev" displayName="NLS_major_rev"/>
    <attribute name="minor_rev" displayName="NLS_minor_rev"/>
    <attribute name="generation" displayName="NLS_generation"/>
    <attribute name="new_version" displayName="NLS_new_version" dataSource="TrueOrFalse"/>
    <attribute name="unit" displayName="NLS_unit" dataSource="Unit"/>
    <attribute name="make_buy" displayName="NLS_make_buy" dataSource="MakeBuy"/>
    <!--<attribute name="cost" displayName="NLS_cost" />-->
    <attribute name="description" displayName="NLS_description"/>
    <attribute name="owned_by_id" displayName="NLS_owned_by_id"/>
    <attribute name="managed_by_id" displayName="NLS_managed_by_id"/>
    <attribute name="created_by_id" displayName="NLS_created_by_id"/>
    <attribute name="created_on" displayName="NLS_created_on"/>
    <attribute name="modified_by_id" displayName="NLS_modified_by_id"/>
    <attribute name="modified_on" displayName="NLS_modified_on"/>
    <attribute name="native_file" displayName="NLS_native_file"/>
    <attribute name="locked_by_id" displayName="NLS_locked_by_id"/>
    <attribute name="release_date" displayName="NLS_release_date"/>
    <attribute name="effective_date" displayName="NLS_effective_date"/>
    <attribute name="id" displayName="NLS_id"/>
    <attribute name="is_current" displayName="NLS_is_current"/>
    <attribute name="config_id" displayName="NLS_config_id"/>
    <attribute name="is_released" displayName="NLS_is_released"/>
	<attribute name="is_template" displayName="NLS_is_template"/>
    <attribute name="not_lockable" displayName="NLS_not_lockable"/>
    <attribute name="permission_id" displayName="NLS_permission_id"/>
    <attribute name="keyed_name" displayName="NLS_keyed_name"/>
    <attribute name="current_state" displayName="NLS_current_state"/>
    <attribute name="itemtype" displayName="NLS_itemtype"/>
    <attribute name="pwb_libflag" displayName="NLS_pwb_libflag" dataSource="TrueOrFalse"/>
    <!-- CAD -->
    <attribute name="authoring_tool" displayName="NLS_authoring_tool" dataSource="AuthoringTool"/>
    <attribute name="authoring_tool_version" displayName="NLS_authoring_tool_version" dataSource="AuthoringTool"/>
    <!-- Part BOM -->
    <attribute name="reference_designator" displayName="NLS_reference_designator"/>
    <attribute name="quantity" displayName="NLS_quantity"/>
    <attribute name="source_id" displayName="NLS_source_id"/>
    <attribute name="related_id" displayName="NLS_related_id"/>
    <attribute name="sort_order" displayName="NLS_sort_order"/>
    <!-- Specific PWB attributes -->
    <attribute name="OBID" displayName="NLS_OBID"/>
    <attribute name="Class" displayName="NLS_Class" pwbAttrInfo="PdmClassAttr"/>
    <attribute name="pwbExpandFilter" displayName="NLS_ExpandFilter" dataSource="ExpandFilters"/>
    <attribute name="pwbAutonameRule" displayName="NLS_AutonameRule" dataSource="AutonameRules"/>
    <attribute name="LoginDatabase" displayName="NLS_Database" dataSource="LoginDatabases"/>
    <attribute name="CatPrdTemplate" displayName="NLS_CatPrdTemplate" dataSource="PwbCatPrdTmplFileNames" pwbAttrInfo="CatPrdTemplateListAttr"/>
    <attribute name="CatPrtTemplate" displayName="NLS_CatPrtTemplate" dataSource="PwbCatPrtTmplFileNames" pwbAttrInfo="CatPrtTemplateListAttr"/>
    <attribute name="CatDrwTemplate" displayName="NLS_CatDrwTemplate" dataSource="PwbCatDrwTmplFileNames" pwbAttrInfo="CatDrwTemplateListAttr"/>
    <attribute name="PwbCorrespondingPart" displayName="NLS_PwbCorrespondingPart" dataSource="PwbCorrespondingPartOptions" pwbAttrInfo="CorrespondingPart"/>
    <pwbAttribute name="PWBLoginUser" displayName="NLS_User"/>
    <pwbAttribute name="PWBLoginPassword" displayName="NLS_Password"/>
    <!-- PwbDataSources -->
    <dataSource name="PwbCorrespondingPartOptions" type="ValueList" additionalValues="PdmPartsInPwbSession"/>
    <dataSource name="LoginDatabases" type="ValueList">
      <value name="InnovatorSolutions" displayName=""/>
      <value name="InnovatorSolutions930" displayName=""/>
      <value name="Test" displayName=""/>
    </dataSource>
    <dataSource name="ItemTypes" type="ValueList">
      <value name="/CAD/Mechanical/Assembly" displayName="Assembly"/>
      <value name="/CAD/Mechanical/Part" displayName="Model"/>
      <value name="/CAD/Mechanical/Drawing" displayName="Drawing"/>
    </dataSource>
    <dataSource name="TrueOrFalse" type="BooleanValueList">
      <value name="1" displayName="NLS_true" booleanValue="true"/>
      <value name="0" displayName="NLS_false" booleanValue="false"/>
      <!--<value name="true" displayName="NLS_true" booleanValue="true" /><value name="false" displayName="NLS_false" booleanValue="false" />-->
    </dataSource>
    <dataSource name="MakeBuy" type="ValueList">
      <value name="Make" displayName="NLS_Make"/>
      <value name="Buy" displayName="NLS_Buy"/>
    </dataSource>
    <dataSource name="Unit" type="ValueList">
      <value name="EA" displayName="NLS_EA"/>
      <value name="IN" displayName="NLS_IN"/>
      <value name="FT" displayName="NLS_FT"/>
      <value name="MM" displayName="NLS_MM"/>
      <value name="CM" displayName="NLS_CM"/>
      <value name="M" displayName="NLS_M"/>
    </dataSource>
    <dataSource name="RecentlyUsedValueDataSource" type="ValueList" additionalValues="RecentlyUsedValues"/>
  </PWBSchema>
</PWBSchemata>
